KEYTERMS,WEIGHT
faiz,2.0
kumar,1.96906686
translation,1.30692425
hai,1.28610915
lazard,1.24703622
urdu,1.1887909
original,1.18730256
kiernan,1.17652069
kamal,1.16934164
poem,1.16842759
word,1.15540758
translator,1.1515515
tere,1.14356236
quatrain,1.13146524
kya,1.12891729
love,1.12286268
nazm,1.11862025
verse,1.10924464
aur,1.10558438
daud,1.09738744
eye,1.09038397
poetic,1.088872395
ahmed,1.086684205
poetry,1.08525402
nahin,1.084946744
