KEYTERMS,WEIGHT
rdquo,2.0
ldquo,1.9995821
lpar,1.72083086
rpar,1.7105638
motherhood,1.30968493
rsquo,1.29956576
love,1.25476623
doctrine,1.19452459
vulnerability,1.18798555
hermeneutical,1.1479389
mother,1.14307112
mary,1.14225255
christian,1.14088805
virgin,1.12702699
annunciation,1.11218728
theology,1.09414861
asymmetry,1.08714952
gender,1.08055946
reflection,1.08021574
hellip,1.07629172
petrified,1.0749373
biblical,1.07288398
god,1.071753874
theological,1.0705532
vulnerable,1.06923658
