KEYTERMS,WEIGHT
cod,2.0
creation,1.6169238
god,1.4802973
nature,1.4505387
christ,1.3907808
humanity,1.34171143
church,1.3313116
human,1.30962157
christology,1.29568136
universe,1.26289576
grace,1.24244548
relation,1.23970579
cosmic,1.23508325
world,1.23032796
confession,1.20672372
theological,1.19660051
colossian,1.1946793
redemption,1.1636978
humankind,1.16243891
creator,1.15710838
men_woman,1.14196914
tradition,1.14148383
reality,1.13799997
vision,1.1326793
love,1.12839247
