KEYTERMS,WEIGHT
child,2.0
parent,1.83106756
discount,1.7859108
altruism,1.6684662
model,1.60908324
tough,1.5564373
factor,1.47313008
love,1.3652292
transfer,1.36039567
income,1.29732147
endogenous,1.24249879
parental,1.22020829
utility,1.21966292
consumption,1.20687854
exogenous,1.18556161
parameter,1.17979594
period,1.16658786
empirical,1.16369377
discounting,1.15582079
decrease,1.14518689
permanent,1.12543504
change,1.12542349
evidence,1.11976492
condition,1.11436666
wealth,1.11031081
