KEYTERMS,WEIGHT
methodist,2.0
rdquo,1.7934705
ldquo,1.793245
family,1.5440098
lpar,1.5324057
rpar,1.5279078
lawrence,1.3650418
arminian,1.36206448
rsquo,1.27260396
wesleyan,1.2428857
conversion,1.23499362
methodism,1.20767988
celibacy,1.19913147
convert,1.19872078
bond,1.17629993
denomination,1.16968557
god,1.14528105
practice,1.14191575
prayer,1.13241892
biblical,1.1311855
theology,1.1273102
authority,1.12623487
sister,1.11683298
brother,1.112447046
community,1.11222353
