KEYTERMS,WEIGHT
citation,2.0
ecologist,1.9198041
funding,1.70243907
elite,1.43676722
publication,1.4182118
leimu,1.28039858
nserc,1.27925238
scientist,1.270981
impact,1.24221687
scientometrics,1.20446034
cited,1.20217383
mean,1.20005995
paper,1.19562703
collaboration,1.19479708
productivity,1.19444521
science,1.19072251
ecol,1.1855706
metric,1.16165861
cita,1.15955903
evol,1.15498354
koricheva,1.15371893
highly,1.14857894
lab,1.14795332
monastersky,1.14445141
kokko,1.13746497
