KEYTERMS,WEIGHT
beecher,2.0
preaching,1.41303423
preacher,1.2485828
lyman,1.18389478
god,1.17896424
lecture,1.17154124
yale,1.16311629
henry,1.15191722
love,1.13449736
christian,1.12593348
truthing,1.11977714
truth,1.111485876
ward,1.10093935
sermon,1.09374454
puritan,1.08921047
divine,1.08681683
audience,1.086568035
taste,1.07627403
christ,1.06963429
doctrine,1.069270805
crocker,1.06624127
beauty,1.06601355
edward,1.064400546
heimert,1.05928581
believed,1.05837875
